{"kgCo2": {"labels": ["MOBIL EXTRA", "GULF REGULAR", "SHELL SUPER", "REPSOL DIESEL", "REPSOL EFITEC 87", "BP DIESEL", "MAGNA", "BP REGULAR", "G SUPER", "G DIESEL", "DIESEL"], "data": [0.341705, 0.36719, 0.396292, 0.691323, 1.027113, 1.177252, 2.035523, 2.130832, 4.176725, 8.200128, 11.144934]}, "precioUnitario": {"labels": ["MOBIL EXTRA", "MAGNA", "GULF REGULAR", "G SUPER", "REPSOL EFITEC 87", "BP REGULAR", "DIESEL", "SHELL SUPER", "BP DIESEL", "G DIESEL", "REPSOL DIESEL"], "data": [20.147472, 21.128342, 21.76665, 22.06628, 22.177849, 22.257353, 23.058347, 23.228923, 24.01786, 24.047871, 24.22806]}, "rendimiento": {"labels": ["MOBIL EXTRA", "SHELL SUPER", "GULF REGULAR", "BP REGULAR", "MAGNA", "BP DIESEL", "G SUPER", "REPSOL DIESEL", "REPSOL EFITEC 87", "DIESEL", "G DIESEL"], "data": [7.4675, 7.356667, 7.05, 6.265247, 5.73586, 5.51, 5.249593, 5.213333, 5.162075, 5.062617, 3.873333]}, "cantidadMercancia": {"labels": ["G DIESEL", "DIESEL", "BP DIESEL", "REPSOL DIESEL", "BP REGULAR", "REPSOL EFITEC 87", "G SUPER", "MAGNA", "MOBIL EXTRA", "GULF REGULAR", "SHELL SUPER"], "data": [83.131485, 72.402175, 72.394301, 69.533627, 68.688999, 67.493997, 67.325964, 60.542106, 55.845, 55.207483, 48.3555]}}