{
    "costoPromedio": {
        "labels": ["TANQUE ESTACIONARIO", "GENERADOR", "TOTE", "BOMBA MARINA", "BOMBA TRIPLEX", "LUBRICADOR", "TUBERIA FLEXIBLE", "UNIDAD TF", "TRACTOR", "SUPERPOD CURB"],
        "data": [680233.312601, 43069.629417, 22739.566372, 19394.151930, 19348.350000, 14113.274000, 11379.124772, 11073.758365, 10546.926057, 9786.194968]
    },
    "kilometrajePromedio": {
        "labels": ["SWPT", "PLANTA DE LUZ", "TUBERIA FLEXIBLE", "GENERADOR", "UNIDAD DE REGISTRO", "GRUA 20 TON", "GRUA", "TRIPLEX MPF 331", "TF POWER PACK", "VIBRO"],
        "data": [51.090873, 28.397228, 28.083495, 26.204467, 16.544922, 14.349818, 13.603270, 11.936439, 10.175000, 9.375000]
    },
    "cantidadSuministradaPromedio": {
        "labels": ["TANQUE ESTACIONARIO", "GENERADOR", "TOTE", "BOMBA TRIPLEX", "BOMBA MARINA", "LUBRICADOR", "UNIDAD TF", "TUBERIA FLEXIBLE", "TRACTOR", "SUPERPOD CURB"],
        "data": [34682.435478, 2204.502107, 1150.415053, 1050.000000, 951.000000, 700.000000, 569.864865, 565.156250, 514.555556, 488.307692]
    }
} 